Given Hub Name,Twitter Name
xrisalex,xrisalex
dkouvelas,DKouvelas
News247gr,News247gr
Agronewsgr,Agronewsgr
MariaAt03902914,MariaAt03902914
papakostakater,papakostakater
makis_tr,Makis_Tr
reportaznet1,reportaznet1
bpapapanagiotou,bpapapanagiotou
pavpol2222,pavpol2222
arisdavarakis,ArisDavarakis
nragiou,nragiou
K_Hatzidakis,K_Hatzidakis
imouzalas,imouzalas
@AnnaAsimakopoul,AnnaAsimakopoul
ckoutras,ckoutras
adavakis,adavakis
mariaspyraki,MariaSpyraki
dimkott,dimkott
KalafatisSt,KalafatisSt
atsipras,atsipras
Kontrachannel,KontraChannel
ADimoschakis,ADimoschakis
marilizaxen,marilizaxen
spyroslappas1,spyroslappas1
pitsirikos,pitsirikos
xenios_ventures,xenios_ventures
nostimonimar,nostimonimar
angelossyrigos,AngelosSyrigos
Dora_Bakoyannis,Dora_Bakoyannis
katsaniotis,katsaniotis
vasiliskokkalhs,VASILISKOKKALHS
jmichelakis,jmichelakis
spyrosdanellis,SpyrosDanellis
InfognomonPolit,InfognomonPolit
SimosKedikoglou,SimosKedikoglou
fbakadima,fbakadima
MVoloudakis,MVoloudakis
mardas55,mardas55
chrysomallism,chrysomallism
geranionvillage,GeranionVillage
nectarsant,nectarsant
wwwstargr,wwwstargr
giorgostsipras,giorgostsipras
NatasaGkara,NatasaGkara
alexischaritsis,alexischaritsis
bkegeroglou,BKegeroglou
e_stylianidis,e_stylianidis
nikos_toskas,nikos_toskas
AvgiOnline,AvgiOnline
PossidiH,PossidiH
PanosSkourolia1,PanosSkourolia1
serkot65,serkot65
SofAsimak,SofAsimak
HotelRegos,HotelRegos
efsimopoulos,efsimopoulos
GIANNISFLORINA,GIANNISFLORINA
EFSYNTAKTON,EFSYNTAKTON
hotelmelissanth,hotelmelissanth
viraggas,Viraggas
AlexPalaceGr,AlexPalaceGr
pansavsept98,pansavsept98
enikonomia,enikonomia
gdimaras,GDimaras
marantoniou,MarAntoniou
davgeri,davgeri
topontiki,TOPONTIKI
stamatis_dim,stamatis_dim
jo_pit,jo_pit
kutsubad,kutsubad
karamanlis_k,karamanlis_k
ProedrosEK,ProedrosEK
OikonomouB,OikonomouB
gavgero,gavgero
stelioskoul,SteliosKoul
GPapandreou,GPapandreou
igglezikaterina,igglezikaterina
eglimatikotita,eglimatikotita
ChVernardakis,ChVernardakis
MarianaPirgioti,MarianaPirgioti
chrisvernard,chrisvernard
ApatzidiM,ApatzidiM
Real_gr,Real_gr
neokliskritikos,neokliskritikos
g_stathakis,g_stathakis
lakis_vas,lakis_vas
velopky,velopky
tasiachristodul,tasiachristodul
zettamakri,ZettaMakri
anikolakopoulos,anikolakopoulos
madata,madata
Kastoris_Aster,Kastoris_Aster
fotinipipili,FotiniPipili
OstriaSeaSide,OstriaSeaSide
chboukoros1,chboukoros1
TheanoFotiou,TheanoFotiou
trelokouneli,TreloKouneli
blouchosdrama,blouchosdrama
htheoharis,htheoharis
themosanastasia,themosanastasia
LamiaReportgr,lamiareportgr
giorgostragkas,GiorgosTragkas
Odysseas_,Odysseas_
tvxs,tvxs
kerdos_online,kerdos_online
DimVartzopoulos,DimVartzopoulos
m_giannakou,m_giannakou
OikonomouVasili,OikonomouVasili
efhmeridaEmpros,efhmeridaEmpros
RahonaBeach,RahonaBeach
H_apopsi,H_Apopsi
andritsos,andritsos
Art_teleasty,Art_teleasty
tppfeed,tppfeed
IgoumenidisN,IgoumenidisN
portesbeach,PortesBeach
AnnaEfthymiou_,AnnaEfthymiou_
evangantonaros,EvangAntonaros
chitaskostas,ChitasKostas
georgantasgr,georgantasgr
gragkousis,gragkousis
gergiakoumatos,GerGiakoumatos
k0stopanagiotou,k0stopanagiotou
iriniagath,iriniagath
yanisvaroufakis,yanisvaroufakis
ant1tv,ANT1TV
jsarakiotis,JSarakiotis
katsafados,katsafados
documentonews,documentonews
karagianioa,karagianioa
giannoul,giannoul
ninemesis,ninemesis
YiannisLoverdos,YiannisLoverdos
diaforetiko,diaforetiko
@ArampatziFotini,ArampatziFotini
XenakisSotiris,XenakisSotiris
fimotro,fimotro
kokkinosouranos,KokkinosOuranos
EleniAvlonitou,EleniAvlonitou
vdigalakis,vdigalakis
papatheodorou_t,papatheodorou_t
philenewscy,philenewscy
STEFANOS_GIKAS,STEFANOS_GIKAS
syrmal2000,syrmal2000
PRINgr,PRINgr
p1l1sulLrVED8tt,p1l1sulLrVED8tt
TheoKaraoglou,TheoKaraoglou
mettatsikrika,MettaTsikrika
tr_alexandros,tr_alexandros
PRESSGR_BLOG,PRESSGR_BLOG
gpantzas,gpantzas
capitalgr,capitalgr
triklopodia_gr,triklopodia_gr
manoskonsolas,manoskonsolas
R3Jg3EsgrBewHc9,R3Jg3EsgrBewHc9
secretrealtruth,SECRETREALTRUTH
fonaklasgr,FonaklasGr
PomegranateSpa,PomegranateSpa
AntMylonakis,AntMylonakis
theodorikakosp,theodorikakosp
amylonakis,AMylonakis
PressPublica,PressPublica
markopoulosdimi,MarkopoulosDimi
iefimerida,iefimerida
AfitisBoutique,AfitisBoutique
pentapostagma,pentapostagma
E_Achtsioglou,E_Achtsioglou
olympiada,olympiada
sofia_voultepsi,Sofia_voultepsi
nchatzinikolaou,NChatzinikolaou
lygerosstavros,lygerosstavros
AmmonZeusHotel,AmmonZeusHotel
A_Meikopoulos,A_Meikopoulos
xrhstosfrik,XRHSTOSFRIK
STEFANIHOTEL,STEFANIHOTEL
serresbomb,serresbomb
simoskedikoglou,SimosKedikoglou
karsenis,karsenis
BSkoufa,BSkoufa
panosharitos,panosharitos
EVENIZELOS,EVenizelos
protothema,protothema
kat_markou,kat_markou
k_karagounis,k_karagounis
andreasxanthos,andreasxanthos
kportocali,kportocali
npanagioto,npanagioto
GKoumoutsakos,GKoumoutsakos
GNOMIKILKIS,gnomikilkis
xarakefalidou,xarakefalidou
pkappatos,pkappatos
dimitrisvitsas,dimitrisvitsas
axiaplus,axiaplus
NoniDounia,NoniDounia
tsakalotos,tsakalotos
pesotithes,pesotithes
avdelas_ap,avdelas_ap
avgerinopoulou,avgerinopoulou
ViliardosV,ViliardosV
enikos_gr,enikos_gr
athensvoice,AthensVoice
eloragr,eloragr
nikospappas16,nikospappas16
karameros,karameros
pallinibeach,pallinibeach
HeraionH,HeraionH
liakosev,liakosev
nikosevagelatos,NikosEvagelatos
dckalamatianos,dckalamatianos
edromos,edromos
NEAKERATSINIOU,NEAKERATSINIOU
c_spirtzis,c_spirtzis
Stathis_Konst,Stathis_Konst
periklismantas,periklismantas
LARISSANETGR,LARISSANETGR
IasonFotilas,IasonFotilas
FKarasarlidou,FKarasarlidou
giorgoskyritsis,giorgoskyritsis
geakriotis,geakriotis
tromaktiko,tromaktiko
ellopia,ellopia
Epsilontvgr,epsilontvgr
RoyalHalkidiki,RoyalHalkidiki
KostasVlasis,KostasVlasis
nasosa8anasiou,nasosa8anasiou
elen_stamataki,elen_stamataki
24wro,24wro
FotiniPipili,FotiniPipili
panteliskapsis,PantelisKapsis
fmvoice2,fmvoice2
meropitzoufi,meropitzoufi
grpsarianos,grpsarianos
SvouraNews,SvouraNews
palladiumh,PalladiumH
bogdanosk,bogdanosk
yiannismelas,yiannismelas
apokalyptikodel,apokalyptikodel
xrsimorelis,XrSimorelis
pestanea,pestanea
lgrigorakos,lgrigorakos
vspanakis,vspanakis
stoxos,stoxos
ChrisDermen,ChrisDermen
logia_starata,logia_starata
elenakountoura,ElenaKountoura
gioulekaskostas,gioulekaskostas
HotelThalassoki,HotelThalassoki
v_meimarakis,v_meimarakis
MVarvitsiotis,MVarvitsiotis
tokarfi,tokarfi
KotsosGiorgos,KotsosGiorgos
elenaakrita,ElenaAkrita
maravegiaskost,maravegiaskost
ManosNiflis,ManosNiflis
annetakavadia,annetakavadia
giorgosaftias,GiorgosAftias
MaktvNews,MaktvNews
sylvanarapti,sylvanarapti
The_Leontaridis,The_Leontaridis
HionidisSavvas,HionidisSavvas
ioannis_mpougas,ioannis_mpougas
ouranoupoligr,ouranoupoligr
joikonomou,joikonomou
tovimagr,tovimagr
kmitsotakis,kmitsotakis
ellinikahoaxes,ellinikahoaxes
fouitgr,fouitgr
annakaramanli,AnnaKaramanli
neaselidagr,neaselidagr
androulakis,androulakis
thanos_moraitis,thanos_moraitis
ApolimeniPetra,ApolimeniPetra
TagarasNikos,TagarasNikos
Hotel_Corali,Hotel_Corali
GMoulkiotis,GMoulkiotis
AegeanMelathron,AegeanMelathron
panoskammenos,PanosKammenos
KastanidisHaris,KastanidisHaris
akispaulopoulos,akispaulopoulos
tasos_chatziv,tasos_chatziv
xrpanag,XrPanag
paidisi,paidisi
koutsoukosilia,koutsoukosilia
g_plakiotakis,G_Plakiotakis
makeleio_gr,Makeleio_gr
FofiGennimata,FofiGennimata
kouvie,kouvie
nmpogiopoulos,NMpogiopoulos
st_theodorakis,St_Theodorakis
bluedolphingr,BlueDolphingr
KSkandalidis,KSkandalidis
nikoxy,nikoxy
kyranakis,kyranakis
amanatidis_g,amanatidis_g
Hotelbluebay,Hotelbluebay
teligioridou,teligioridou
georgalashotel,georgalashotel
jnmam1,jnmam1
anemosanti,anemosanti
ZeybekHuseyin,ZeybekHuseyin
IliasKasidiaris,IliasKasidiaris
KostasVaxevanis,KostasVaxevanis
NYpofantis,NYpofantis
p_dritseli,p_dritseli
RoussopoulosTh,RoussopoulosTh
pappas_ioannis,pappas_ioannis
zarpanews,zarpanews
CZachariadis,CZachariadis
SpiliosL,SpiliosL
NKaklamanis,nkaklamanis
nkerameus,nkerameus
DimokratiaNews,DimokratiaNews
T_Cheimaras,T_Cheimaras
TOPONTIKI,TOPONTIKI
mavrogiorgos,Mavrogiorgos
tsiaras_kostas,tsiaras_kostas
MiraggioThermal,MiraggioThermal
AntigoniBeach,AntigoniBeach
GIOTAPOULOU,GIOTAPOULOU
matrix24gr,matrix24gr
johntheofilakto,johntheofilakto
elgeo4,elgeo4
nikoskotzias,NikosKotzias
sokrvardakis,sokrvardakis
DimKairidis,DimKairidis
ttheodoropoulo5,ttheodoropoulo5
St_Theodorakis,St_Theodorakis
BoutsikakisChr,BoutsikakisChr
hotdoc_mag,hotdoc_mag
anna_journalist,anna_journalist
maxsenetakis,maxsenetakis
mandravelis,Mandravelis
MariaKolliaTsar,MariaKolliaTsar
kellas_xristos,kellas_xristos
arouraios_gr,arouraios_gr
g_karatzaferis,g_karatzaferis
pskourl,pskourl
makiskouris,MakisKouris
aliapalacehotel,AliaPalaceHotel
MarkosBolaris,MarkosBolaris
nmitarakis,nmitarakis
newsbeast,newsbeast
freesundaygr,freesundaygr
ArisPortosalte,ArisPortosalte
Xanthopoulosth,Xanthopoulosth
B3Vagenas,B3Vagenas
evichrist,evichrist
manolakosnik,manolakosnik
kpapakosta,kpapakosta
ChristosDimas_,ChristosDimas_
lubenmag,LubenMag
FragidisGeorge,FragidisGeorge
Vlachos_G,Vlachos_G
tsapanidou,tsapanidou
epirusgate,epirusgate
raptizoi,raptizoi
katia_makri,katia_makri
taxaliatweets,TaxaliaTweets
olgakef,olgakef
XarAthan,XarAthan
l_avgenakis,l_avgenakis
newsbombgr,newsbombgr
lifomag,lifomag
babis2019,babis2019
konstantinaada1,KonstantinaAda1
danairesort,danairesort
t_bartzokas,t_bartzokas
politicanea,politicanea
espressonews_gr,espressonews_gr
msoukouli,msoukouli
NikosDendias,NikosDendias
amanatidis_gian,Amanatidis_Gian
ngiannakopoulou,ngiannakopoulou
ethnosgr,ethnosgr
gkefalogiannis,gkefalogiannis
PanasApostolos,PanasApostolos
olgagerovasili,olgagerovasili
taniaiakovidou,TaniaIakovidou
dinopoul,dinopoul
unfollow_mag,unfollow_mag
lagomandra,lagomandra
keletsis,keletsis
philoxeniaguest,philoxeniaguest
MakisVoridis,MakisVoridis
kathimerini_gr,Kathimerini_gr
KSIPNISTERE,KSIPNISTERE
BurhanBaranDr,BurhanBaranDr
Arvanitidis_Geo,Arvanitidis_Geo
than_zebilis,than_zebilis
Ggennia,Ggennia
terensquick,TerensQuick
anaik2020,anaik2020
GVallianatos,GVallianatos
gt_kke,gt_kke
gkatr,gkatr
dimitrisbiagkis,dimitrisbiagkis
GVaremenos,GVaremenos
kaisasgeorgios,kaisasgeorgios
loutrakiblog,loutrakiblog
akaranastasis,akaranastasis
sakis_papad,sakis_papad
mtzelepis,MTZELEPIS
Kouti_Pandoras,Kouti_Pandoras
michaelkatrinis,michaelkatrinis
nikoshotel,nikoshotel
paraskhnio,paraskhnio
d_tzanakopoulos,d_tzanakopoulos
cstaikouras,cstaikouras
apvhalkidiki,apvhalkidiki
a_loverdos,a_loverdos
YDragasakis,YDragasakis
savanastasiadis,savanastasiadis
GeorgiaMartinou,GeorgiaMartinou
msarafoglou,msarafoglou
ypaithros,ypaithros
Vkikilias,Vkikilias
VasilisTsirkas,VasilisTsirkas
efgeorgopoulou,efgeorgopoulou
BiziouStella,BiziouStella
katenotopoulou,katenotopoulou
skaigr,skaigr
vroutsisgiannis,VroutsisGiannis
MonogiouKateri1,MonogiouKateri1
Ral_Christidou,Ral_Christidou
salmasmarios,SalmasMarios
OlympionH,OlympionH
thanosplevris,thanosplevris
pkonstantineas7,pkonstantineas7
naftemporikigr,naftemporikigr
AsiminaSkondra,AsiminaSkondra
fortsakis,fortsakis
athbouras,athbouras
ybalafas,ybalafas
zoitsa1957,zoitsa1957
anthemus,anthemus
kostasmpoumpas,kostasmpoumpas
TsironisGianni,TsironisGianni
g_psychogios,g_psychogios
Elena_Rapti,Elena_Rapti
skaratzaferis,SKaratzaferis
a_avlonitis,a_avlonitis
ikosresorts,ikosresorts
DimKampourakis,DimKampourakis
tasoskourakis,tasoskourakis
ACROSS_HOTELS,ACROSS_HOTELS
DQw43I6dBIyzh21,DQw43I6dBIyzh21
petrinosuites,petrinosuites
PetiPerka,PetiPerka
teleftheriadou,teleftheriadou
lazarostsavdar1,LazarosTsavdar1
Onnewsgr,Onnewsgr
EkiesResort,EkiesResort
giorgoskouris,GiorgosKouris
zougla_online,zougla_online
KremastinosD,KremastinosD
AdonisGeorgiadi,AdonisGeorgiadi
kouroumplis,kouroumplis
kallianos,kallianos
imerisiagr,imerisiagr
ChStefanadis,ChStefanadis
mtheleriti,mtheleriti
cbgialas,cbgialas
fbaraliakos,fbaraliakos
akti_ouranoupol,akti_ouranoupol
katohikanea,katohikanea
a_vesiropoulos,a_vesiropoulos
Lesse_Hotel,Lesse_Hotel
sia_anag,sia_anag
nikosfilis1,nikosfilis1
parapolitika,parapolitika
christina_korai,christina_korai
giorgoskotsiras,giorgoskotsiras
kostasbarkas,kostasbarkas
pasxalidisjohn,pasxalidisjohn
PapachristTh,PapachristTh
giogiakasv,giogiakasv
papadopoulosmix,PapadopoulosMix
laskaridislazar,laskaridislazar
GVagionas,GVagionas
sfamellos,SFamellos
l_tsavdaridis,L_Tsavdaridis
vag_apos,vag_apos
andriotakis,andriotakis
SofiaSakorafa,SofiaSakorafa
annavayena,annavayena
CircoGreco,CircoGreco
KostasSkrekas,KostasSkrekas
tzakri,tzakri
NewsItFeed,NewsItFeed
mvlazaridis,mvlazaridis
KiriakiMalama,KiriakiMalama
primeministergr,PrimeministerGR
hotelmakednos,HotelMakednos
AndreasPoulas,AndreasPoulas
Mamoulakis,Mamoulakis
in_gr,in_gr
dkonstantop,dkonstantop
gstylios,gstylios
samaras_antonis,samaras_antonis
sigmalivecom,Sigmalivecom
NikNikolopoulos,NikNikolopoulos
ta_nea,ta_nea
antinewsgr,antinewsgr
vnaypsilantis,vnaypsilantis
tsigris_angelos,tsigris_angelos
ninakasimati,ninakasimati
alterglobal,alterglobal
GeorgeLogiadis,GeorgeLogiadis
spyroslykoudis,SpyrosLykoudis
etyposgr,etyposgr
sani_resort,sani_resort
typologies,typologies
RHanioti,RHanioti
Tzavaraskon,Tzavaraskon
Vrizidou_Vicky,Vrizidou_Vicky
Yannis_Maniatis,Yannis_Maniatis
parakato,parakato
h_epohi,h_epohi
patsis_andreas,patsis_andreas
ellistai,ElliStai
KaminisG,KaminisG
dionstamenitis,dionstamenitis
ilhanahmet,ILHANAHMET
marios_katsis,marios_katsis
kyriazidisdim,kyriazidisdim
telloglou,telloglou
DTsiodras,DTsiodras
pantamaximos,pantamaximos
dsevastakis,dsevastakis
amirasgiorgos,amirasgiorgos
